0.25074852359172,-1.08392284555097,-2.10620825678966,1.36376581854319,0.156496099342553,0.600542089352425,-0.144679652158824,-1.269294564613,0.234390853832555,1.7020259634338
1.01309212960724,-1.55631652868327,-1.02199598899709,0.905325015637265,-0.780100277175313,0.775151194651441,0.581228627527508,0.0796398854844694,-0.215879128810476,1.16420580238383
0.980114459142646,-0.640284559755902,0.279802301672503,0.197689368655481,1.77901296266258,0.127759596274296,-0.554447378800992,-0.415899200446767,-0.393859253495896,0.37531315919748
0.13649054298456,-0.639536289685767,-0.179221057011557,-0.65377728473917,1.053149605845,-0.428189276764753,0.752671074256255,-0.743750146434645,-0.489492887434503,-0.480979552775629
-0.752518510756663,0.183944280552599,2.14563384989981,-1.95848482062825,-0.278510337824796,-0.413403651726536,-0.199133820031089,-0.0130734775343765,-1.6794756566883,-0.232288926124612
-1.69950570171491,0.066021723024006,-1.0006862162692,0.638692887000363,-0.727408351702087,0.513841331550183,0.492272472905928,0.353848927656168,0.105933197277301,-1.03838375571306
-0.288350026412304,1.84536551882343,-0.330267573654436,-0.226186671224383,-1.9550373766645,-0.0042052940208338,1.81500815022048,0.668771471882663,0.99427713488597,0.291001563548843
-0.26709804172265,1.26485810386588,-1.52573133393342,0.442259906022719,-0.454815826780459,-0.72223512053713,1.18569277397751,0.279556183218093,0.563422112207634,-0.818575002829165
0.108645355837273,1.71870856091812,-0.886875093925033,2.45803565215057,0.356736939026819,1.32771380643733,-0.746556926561023,0.573530620163685,-0.0364990136524581,-0.011420452100458
-0.114795037675032,0.0511708312624222,-0.797271062654458,1.1485862278012,-0.219358319892991,0.676508751287764,-1.17320360950383,1.94511889620344,-0.975905821221657,0.286399808013396
0.0977177117329335,0.751428294004898,1.60701064878784,-0.566539863503371,0.433128007841972,0.482210297657295,1.86984645420124,-0.693408355064946,-0.395450806069122,0.0511486764590337
0.166563887870583,0.766333202307285,-0.741190298373542,-0.27180806097658,1.16342707512411,-1.07927652876991,-1.18170878255751,1.22594915285318,0.182477686318639,-0.570553193273244
0.717120355706973,-1.05405057209548,-1.95226678530167,-0.450129667263469,-0.277540250552581,0.26006622488355,-0.409605073368052,-0.700387968857318,0.0157873718903782,-0.438122499903172
0.939441743444906,0.571902310791849,0.585252865559571,0.872857139698579,0.327698383138854,0.508541613415559,-0.320774593462418,0.165454830084026,1.06749333653058,0.0784879956898005
0.104726239511605,1.41911129290445,1.47137865144223,0.0844481778367566,1.38557499905611,-1.05673404710695,0.308925012430387,-0.272363170848373,2.42651251676662,0.926679537660972
-0.19021001294323,1.17254280688212,0.00977869296193324,0.584651464691558,-0.868413404520947,0.688433938932047,-0.792407213174671,0.408442449855767,0.443315123696401,0.731340045458259
-0.63627694108898,0.689837965765094,0.726413823164942,-0.206808993722125,1.13187548641021,-1.66671032741839,0.228830158386407,-1.77810387264716,-0.0712472922168424,1.55577156592434
2.27047086288067,0.524541622221616,2.06474656576286,-0.262881844633036,1.32477725497143,-1.55403805634536,-2.53523438400681,-2.14360396855366,0.484820532188036,-1.7475988313152
-0.19983837641415,3.0549081622451,-0.452494697619831,0.468652101491586,0.433976854701213,1.48922341557868,1.9740617594867,0.163948430199498,0.517771580322608,-1.42067274709349
-0.637145756376825,-0.899583462702537,0.600977882452066,0.388445768097957,1.02603454384166,-0.0668837318517764,-1.36190676938884,0.621369752004841,0.139945124952672,0.00745483340365495
-1.021207902929,0.553079351579156,-0.868850915812637,-2.18270140061822,2.33611717333564,-0.0351507619019843,-0.12610021115483,0.967893872090207,0.209439076328094,0.411183429254282
1.80600624945055,-1.49727248061114,0.155682010477333,-0.16339595385972,0.438085130430367,0.297253065068686,-1.08348123575483,1.26685736990393,-0.00703976047634771,-0.761353278582524
-0.885796824019324,0.412243994115234,-0.166466582495137,-0.565916942757596,-0.648583844857264,-0.195144908525069,-0.611187995468641,-0.263626726809921,-2.83853065924711,0.891935009758319
-0.342243168352278,0.83024427586361,0.981164552901334,-1.00091882458739,1.68182175128911,-0.927957076877058,-0.664486864033955,0.0320853449365909,-0.158463457704013,-1.14992654325269
-1.23097637107601,0.392181100641291,-0.96309184782253,-0.68643418461409,-0.891480126635453,0.557769479365293,-1.16920528739328,-0.112931175076495,-0.53098281638251,0.17868212737471
-0.875220502615283,-0.00105862275551888,-0.43316165928635,-0.0447591923007484,0.425950843258953,1.45099062245251,2.42612641410918,0.472061956252777,-0.833018400979401,1.59546442446755
-0.587336106517264,-0.365695320831559,-0.211368177494119,-1.25646363942467,-0.569012617255147,-0.666301472217498,0.732673113990271,-1.21439020401488,-1.88706382480727,1.42931194913351
1.23799708915016,1.0029765582597,-1.73879123988738,-1.00542924709614,0.274846847835832,1.3506750087388,0.459494291351799,-0.697071651186359,-0.415206247102775,-0.308346673062304
-0.575506400143896,-0.103452790330941,-0.444622884352916,-0.206812881143905,-0.526018385870725,-0.822089182079305,0.500918852065418,2.09177886976509,0.374301947831891,1.40461502433526
0.799363663585475,-0.425888940358522,-0.277747159054589,-0.315399310890948,1.20069686583628,1.41836325424753,0.356920768643284,0.314342720112829,1.84785968614924,-0.316024957364224
-1.18067722371951,-2.130237170044,0.715502695954891,1.89169303735723,-0.592574766825219,1.17864937042489,0.17174995763133,-0.00418765369850073,-1.36433927832003,0.160990573629883
-0.340350448320572,0.265594191390582,-1.53135526464299,-0.35876552905149,-0.385716622674113,-0.74003464889154,0.0324919265696912,1.08036884919991,1.41710039543321,0.418702243083209
-0.39684266783267,0.20874225702097,-1.53538823864953,-1.27781372656799,-0.451637915461846,-0.432012016724234,1.01071458435331,1.04796920488812,-3.35517124873269,-2.48936587045346
0.966979239994935,0.0203963465737274,0.0298226848583673,0.226480603839036,-1.94955914754677,0.50277763550578,-0.0386051606177077,0.803932810806533,0.453068912403654,0.200468674893641
1.01955637722402,0.633803801308739,0.272702357214369,-3.17856107335728,0.719351126605058,1.40062393467192,-0.174749962117512,0.128430223554223,-1.21899065902804,0.844798872994992
-0.318291587916078,0.61791482633412,-0.0521684630893329,-1.40548115760643,0.426105886612044,-2.08547057369347,-0.537984230139791,-0.550610696106592,-1.72849364644141,-0.124530729769699
-0.108569128412495,0.0132239736652536,-1.08032078261671,0.579410931157866,0.117158277810966,-0.366992171549374,-0.228058532273872,0.427409765759786,-0.365162518306069,0.663122713617705
-0.848648511836394,-1.51282349225887,0.0758567283819063,0.383179058180279,-0.0264236067309356,-0.635740921501509,-0.227496987242685,-1.01282022894288,-0.808897586526469,-0.543790050157543
0.389383110649367,-0.459981722276356,0.673865170627735,0.39844305567531,1.44033910993408,-0.245569897758206,0.962467323143459,-0.379440258344508,-1.69041396328463,-1.30686739228209
0.415148752242179,1.12987026576927,1.73854688107337,-0.404609989342812,-0.201489644506649,-1.43470230579386,0.460584460687518,0.0355201631004475,1.52886774361772,0.323208831709254
-1.56539878624511,0.974753365640505,1.35293556524586,-0.491459640348586,0.997110391947798,0.159797206196025,-0.773659160279201,0.268130571223725,2.96924491176613,-1.03124353626237
0.17905527330645,-1.01901709860764,0.630626724162162,0.659129392284828,0.542428462715943,-1.04097834837265,0.314161623217318,0.97446219708,0.635901004143744,-0.317963272803923
1.1151092927434,-0.264194271918592,1.30958351476554,0.201004526748781,-0.219895807876915,-0.18391739949807,-0.371061615590213,0.393655587646733,0.341693076925109,2.13354169335313
-0.476811921994339,0.348343357879458,-0.574911220319107,-0.574569079005046,-2.03008564352374,0.0326453220324717,0.269106110365426,-0.0990351182567029,-1.22540888953135,0.691118048564454
-0.225440721651017,1.46238880135779,-2.23842439661677,0.268158079113418,0.0527876629148733,0.654118451473118,-1.25281455277354,0.363754212544498,-0.690804058789748,1.63025459152675
0.609708031957721,-0.373889141391749,0.42451670979337,1.00533592147939,-0.542374857584871,0.210709676841548,1.00904782555666,0.14171845332589,-1.42117374232053,1.74436638534677
1.62188718407925,0.165436316539387,0.405248519557179,0.485808093703219,1.33389357435569,0.181147980543262,-0.858833019884889,0.190854398598755,0.232587057103231,-1.20362390630053
0.187794626932569,-0.399741660825679,-0.832134429690523,0.384491398395114,-0.16863444403714,0.668500968159974,-1.71281950561584,0.277130042583683,-0.430103428244092,1.07503330672995
-0.887191892199024,-0.318287698737758,1.57931569169986,1.09929398400117,0.674375975348843,0.0464001121719068,0.672394022784254,-0.253020605993029,0.790040048272111,0.662344644706187
-0.141511134311539,-0.325458835758187,0.309416440325931,0.0328249827412194,-0.265994339477593,-0.713289108123113,0.0820882657614344,0.109422167352513,-1.93584015796948,0.293113086075451
-0.932260358202944,1.97731895910641,-0.579061837303642,0.123855378749414,0.275336906134019,-1.48080862479234,-1.24883791350197,-1.81756639451664,-1.78035598925046,-0.412975103955302
0.280422408432194,-0.861553936897512,0.55436180162291,0.72402166187874,-0.00315093653601228,0.027584732728951,-0.22506462148654,1.30581951991085,0.559390027435913,-1.96335783032751
-1.30088424496164,-1.4743375788961,-0.192950510989038,0.341824518164658,2.7128783338615,-0.473146896021993,0.0126774631037345,0.409485897947574,0.357510617685459,-2.33850626487693
-1.6039482737543,0.203261067268391,-1.41748777609057,-0.0919398322740027,-0.106761867864893,-1.91637929684036,0.781010394668335,0.945579941023009,-0.574642330624681,2.57632977838529
0.142501712641379,-0.734493992901265,-0.152275235438782,-1.16380659779772,0.349143444434574,-2.63594706045241,0.677929981001088,1.99167476324295,1.71199878823025,0.631035241304125
-1.15184527657115,1.31063945422814,-0.295262588574883,0.0230035781368072,-1.13824600879151,-0.980506089714465,-0.143063692109417,-1.19955002640007,-0.913971958505116,-0.557721215299941
0.751089494306313,-0.536598798197311,-1.60616859048016,0.222260364401953,-0.112360082358547,-1.1367492974715,0.641559535456868,-0.395663253484113,-0.344201749363288,-0.31541021225033
1.55542594266077,-0.298258435432257,0.296547966938699,0.489212528779149,0.0431597315981705,-1.6368740035077,-1.56346245214294,0.152285599495465,-0.676477422116729,1.83961731806443
1.3612905736595,-0.480021651388069,0.975282401040022,0.68071804665702,0.273926790104226,0.661889659938433,-0.491198836314752,0.342967825727128,-1.08841915091274,-2.05591066069523
-0.50057812199399,0.0266348890204764,-0.772682165873469,1.17295325527519,0.366413357831269,-0.0589986341289928,-0.880185885362153,0.996407206184221,-0.598532464980294,-0.192589952978045
0.279835498005689,-0.521822734312983,0.690742113832789,-0.528576143532622,1.08685463378736,0.044578341368513,-0.346443099565826,-1.16774041309965,1.13301344942197,-0.928867018803008
0.565821263725449,1.1959483061578,-2.0930022345777,0.0887459595044254,-0.252311054516872,-0.958550971633237,-0.462875674341321,-1.25183451099786,1.11226363348461,0.601377485122773
0.0390642488364288,0.71169044078192,1.56882010115318,0.246873850949164,1.63378423284262,0.395867095001982,-0.461898920280074,0.63331723892571,1.06541936487709,-1.58987706010626
-0.0835099510283864,1.12907067524783,-1.78610149705056,-1.24648689460638,0.801993638807671,0.589214412336225,-0.761930186694875,-0.454843548491517,-0.722907707570543,0.406368577830662
-0.368464963763481,0.350007025401574,0.194882987013913,1.64925928601879,-0.477161800143052,-2.17466581785151,-0.160770941828458,0.9550710508709,0.910050223714205,-0.661333694375907
-0.14864048821377,0.331080287135574,-1.25667680430487,-0.0351547087411775,1.30493957701265,0.100177222228783,2.04530422955193,-1.3986965889142,-0.12375513459419,-0.336494418990512
-0.289602061346876,0.738131731971389,0.480762269054034,1.02762084387924,-0.969877557571113,-0.540064307184356,-2.28622406219967,-1.67695773599903,2.38547887977557,1.57977129524691
-1.73451514614887,-0.443244933337827,-3.48769504088501,0.112146112157672,1.16713472192849,0.193375286819124,0.781500779030324,-0.0757294751948899,1.12193515018136,-1.35714627222992
0.0483784797506241,-0.600614109878481,0.210824986069542,0.146524871916304,0.36975383046043,-0.352941777662783,0.686641485836966,-0.388741287251942,0.151198493201931,-1.24230315810376
0.399601717970191,-1.02305172995375,-0.0912623667336163,-0.593360950364568,1.43996761295113,0.654229042385708,0.867406927948171,0.486305172821291,1.33210667930545,1.02714142330238
1.39089151981592,0.436038826017476,-0.367421352760071,-0.802228869812939,0.746330426128058,0.377803049997709,1.85713491057281,0.493963548821805,0.406156190535539,1.31170573408465
-0.784373225809278,1.07432768531029,-0.105207817350372,0.10420955582897,-0.140633078208067,1.61593142270532,-0.800069160362063,-0.243354386560783,0.266440092592861,-0.400134795023105
-0.292276015324587,-1.02260525676611,1.02330164776244,0.176415319122932,0.406948406495503,-0.779887799210307,-0.339146093622583,-1.04742243766879,0.260053376008123,0.998385366405811
0.525687754858225,-0.590749468780714,-0.708016528858311,-0.0738044885566355,-1.48336158400951,2.00130119912061,-1.38208442413062,1.08552776889838,-0.433808208121595,-1.40433967106938
0.368332593714529,-0.361079479489274,-1.22343137154905,1.81094395352696,2.87960587260652,1.29438710213621,-2.38354298080155,-0.221418947259652,0.356330497402154,-0.168786695400146
0.210407677557641,1.4553967671298,0.725071993394675,-0.518397470528068,-0.689851916915602,-0.0179533639434811,-0.855040453733806,1.53709232806125,-1.81336602791579,-0.156004930795186
0.0165636502290219,-1.2626123558574,0.470135334762338,1.04604478813875,-0.963866803811025,-1.14759153716954,0.74450694822252,-1.69966801945209,-1.07788602346562,-0.88487393769918
0.71366883186495,0.2167664936216,0.0200944336565392,-0.00536465067597249,0.794808215871571,-0.882607877499509,-1.07253815976609,1.41788614395471,1.71131192407633,0.631087813671398
0.543746468359588,0.826924730035881,-0.401539887867993,-0.0259243674540004,-0.978763411895736,-1.58988257654164,-0.377464485352025,0.104755561312327,0.468452603867538,0.874408470208051
1.96353959167618,-1.12642971725105,0.946181722807312,1.32485447002187,-0.888715565148491,-1.25919513992176,-0.244312354908026,-0.266641714064253,-0.200211438734439,-0.720759380635405
-0.88271806968938,-0.405623612793302,1.12561667573695,-0.0496900414711091,0.655753507137773,-0.624706396733616,0.063644674668988,0.912640734711213,-1.82903477479874,0.0334771845599883
-0.596898541208175,-0.960544032355138,1.59846960628411,0.581524323928767,0.285275170648853,-1.33969501969811,0.535917539375056,0.0878633233153812,-1.10135855677812,0.205250913890415
-0.106474199377536,-0.0658228363493237,0.383663898162006,-0.966129627814391,1.36789284883499,0.645293923662887,0.703855907771438,1.09167581339526,-0.74266790507081,-0.313820899370966
-0.013828531324086,1.92483826101434,0.711350759349793,-0.781917663062753,0.438725803687587,1.77854905941369,0.437631893391479,0.0469130347698316,0.41135270236122,-0.145021180096034
0.379329294427247,0.374716891229535,-0.334995211257567,2.17944787392446,-0.641328689756826,-0.497863190532313,-0.893585313039598,0.616093465674257,1.11191828469688,0.553313759231861
1.01420230041397,-0.836224504317556,-0.165834003058997,1.22127988651924,0.949608430896273,0.159941260565608,-1.5706014391219,1.29629356355679,-0.720425346600575,-1.19022806741909
0.0956173728847319,-0.952117243157046,-0.17726380037971,0.832934861613618,-0.885643162816845,-0.794914312413263,1.09129243148162,-0.445990147210325,-0.935377008106217,-0.800037748129567
0.988754334563935,0.995424268406348,0.120201196936131,-0.628577458566378,-0.483419730429544,-0.313727704643168,0.49040677096549,-0.831120948439463,1.09487293592641,-0.936760897953652
0.634920172549171,2.99470372423262,1.54672087228893,-1.6206487047097,-0.00972306997158039,0.712545717841484,0.61271235802946,-0.264682901957537,0.0986799598496163,1.83540321953835
-0.995162623748297,0.0866178424171202,-0.530431072047877,-0.709295259778295,0.412907358977944,0.70602778425423,-0.252365107808716,-2.19128039275562,-1.60857837164305,0.618606767867666
0.327484585915836,-1.62076669074755,-0.630912778961711,-0.306021023317878,-1.19029626025156,-0.721377357939864,2.17199823965323,-2.01209650780279,0.0806675995242507,0.833638957712453
0.145603590274744,-0.310937454202773,-1.02430919359717,-0.521010459370695,0.436239426649349,0.767685385653754,0.283558812014697,0.892571131405866,0.993984708445213,0.277229875193569
1.37545174015927,-0.647987559427624,0.402828556400423,-0.519930107326888,0.583464219184946,-0.402976586856,-0.469425848242551,-1.11976898071936,-0.862933058428557,-0.720496132438996
0.851080861063385,-1.98674516751507,-2.00559855244577,1.09890245630899,-0.403286763825205,1.57326038115698,0.684028338222557,-0.759178725900024,-0.765951400656369,0.0781854041058408
-0.410509253886269,-0.558111123408467,-2.6255481960969,-0.633984663491443,-2.5313681059353,-0.0763383386776117,-1.67576533431661,1.26163000754418,0.557738211666571,1.79431407874499
-1.90435031194732,-1.99685551682489,1.86559803758459,-2.05135597361233,-0.14692692175179,-0.358633865434566,-2.04883641318808,-0.0636882937901647,-0.749406384371485,-0.410161833177096
0.377600447166906,-0.688346060268998,1.39805180036491,-0.414975661249586,0.747304841594657,0.335780306802812,0.289940888534889,-0.023297145308141,0.981612100619513,0.045698986188034
-0.849442061580162,-1.97292294576887,1.17784075437144,0.109276001919299,0.240038319257557,-0.0938757829951224,-0.00100613052356929,0.256392870830946,-0.228594045593405,0.911243887476052
0.438919796756543,-1.97134890359334,-1.09027084224908,0.975744787313886,1.51958879270014,-0.759323792702809,2.03472630582431,0.329278997121181,-1.0022809966834,0.480212828670899
0.0108477410933684,1.15123987760276,-0.256528066238502,0.215809880779646,-0.211620786883012,0.100253216188947,0.578902377004452,-0.0519746249156183,2.11837834189931,-1.03426132107434
-0.687498161386098,-0.183987602316375,0.379285881628366,0.707115103259642,0.294579830534759,0.564914785794943,-0.53199495953845,-1.86846873789728,-0.382731134081438,0.397185319956611
0.938459725498119,0.736593688449535,-2.01023075153734,0.632722739306031,-1.21338626550366,0.646865201851853,0.61159450166354,2.29771704207021,0.545555929420191,0.733097293386077
1.60727866708889,-0.548855692054862,-0.105132935945161,0.675881508144328,0.143168933497478,0.850562259148693,-1.87232801058849,-1.62278944904985,0.0357141931391263,2.28805802869965
-0.986895952978322,-0.0972618942399045,0.871293783998783,1.17310765167781,0.228656375390315,-0.578888958575721,-0.398448053559112,-0.282928073317051,-0.802828609471318,-1.36299362428844
0.659873661618387,0.513361380587186,0.239216379386674,0.247364635216607,0.0812840861190494,0.17723944259014,0.559955433277815,-0.761409844659389,-1.62010979528843,-0.965793720275143
1.81595271006691,0.857674604326346,-0.368551805793528,0.103248940832189,-1.47247235443501,-0.637686909061335,0.599277334765907,0.112520108848775,0.344059814213632,0.4967349188689
1.2414455811625,0.0454585201950846,1.06965985511592,1.49801739630388,0.935707344549335,1.81414675750833,0.315997758486679,0.136316911143764,0.19303271441073,0.225461525513225
-1.08437944555723,-1.06824379791141,-0.297661095472946,1.58914295886864,-1.51137830471786,-1.08727640711621,0.391277157299783,-0.172023261693887,1.3435470843406,-0.237433360310911
0.00111390621367339,-0.827215123458577,0.449988018336437,0.0353518100791426,-2.04622170588844,-0.413001792509641,-0.258007663270395,-0.0564428042472537,0.0148721825744069,0.106087209338003
-0.0841852342050884,1.54488431092271,0.500180397656449,0.250213676261914,-1.2620942844893,-0.0733584947459416,-1.60604863615394,-1.36703688070276,-1.16442879718355,-0.992441144361182
1.23225199135624,-1.34402648156435,1.82580520536575,-0.976261454500735,-0.296366357605338,-0.702855469335699,0.280740523509951,0.241718827075855,-1.68656979787334,-0.757852841981179
-0.8113287159726,-0.584433512113805,2.27431052124235,-2.07516794067443,-2.11495679954165,-0.124164144760945,0.380497901866209,0.272069554293438,-1.28816504300447,0.344746477337076
0.458965699662984,-1.10600370868214,-0.857675147554988,0.112135386728721,-0.850410037385965,1.8376324947449,1.4970881339007,0.0335027928923748,0.00581747376546567,-1.61358217719741
-0.0923095556859867,0.504010329071651,-0.310884623305922,0.982377275428298,-0.56202648594336,-0.507230378429187,-1.45549104188623,0.184181471024053,-0.230905500957921,-2.08193182771758
-0.509173213339681,1.21541625934957,-0.332369443476702,0.201036838325765,1.90408742907898,-1.43303386290344,-0.505202359286113,-0.804396078167187,0.149652004886234,-1.04975993691873
0.0797310970108473,0.170721230351686,0.468717170858778,-0.958589350493053,1.60735679143231,-0.262541253968864,-0.680578036014488,-0.913620122522094,1.05257862654161,1.18221202410702
0.232279475555182,-0.733251060833408,-0.000726645873434165,-1.20953531372513,0.199465308092153,-0.395517205853787,0.570591411441713,1.17355299142406,2.59763208473312,1.08876811958741
0.550030457730257,-0.594959096157955,0.484050928905191,-0.908748376532579,0.530927627807209,1.39362629809025,0.0710155096667431,2.20953223479294,-0.475604792779426,0.278767824003616
-1.24261079118892,0.563626546798964,-2.0233611174379,1.54947961420003,-0.582754965468269,2.27780083103525,0.605814294286041,-2.15541468456552,1.56649637475865,-0.360575833054818
0.325177179826812,-1.05381045936429,-0.487008001559617,-0.287178805459842,-0.44125558247735,-2.27697167676292,0.193579776399412,-1.41033281612238,1.10266358154705,0.99498975232416
0.0100753030915865,0.535579268921493,0.632615639126828,0.959456449100508,1.14868891721641,0.255169833255996,1.23087212679514,1.8304516529343,1.17642884632034,0.145760680454328
-0.874254377713934,-1.62525691986896,-1.61028942339343,-1.22975636520039,1.75804082331193,-0.523670068991931,-0.224527301350436,2.47496546887315,0.367320619321097,-0.113645745412048
-1.33183477901643,-0.567832425578214,-0.930768920080759,-0.719378677173632,0.831321328856263,0.160372864903343,0.733776290717992,0.877982723869068,0.122632737156988,-0.0379071882998286
0.341541502733575,1.37364655707257,-0.298494757262824,1.22646368093748,-0.690639810112571,1.14350144096113,0.349279779186868,-0.367032728156703,0.839720341196937,-2.01859990701209
0.762103460942261,-0.408972013875167,1.23111180086566,-1.14263738772935,-1.0238382976977,-0.5778641381038,0.268649088099261,-0.647052888424227,-0.747522248161959,-0.94088580881712
-1.37775021280666,1.55701501395398,-0.953492772370638,0.553959255380455,1.24333932841093,0.103946873430395,-1.0382063867547,-0.558618172182375,1.17305209893185,-1.17822745291236
-0.128388055605615,0.983627654347472,-1.57940387553469,-1.87570189988863,-2.19845116932956,-0.416080945437493,-0.0324575492574406,0.331329896042793,-0.723011783048493,-0.591715580556344
1.48322506721427,-1.30250244351319,0.042553358486495,0.382294045054446,2.6183535011603,-1.81634500753619,-0.172474754406659,-0.1700045779619,-1.28431867249375,-0.640187447893332
-0.0793235378870142,-1.94618163760551,0.606423788308808,0.159536955227809,0.885799543077135,-0.160548127846867,0.146824137937838,0.225981063258665,0.102749975180167,0.485555535223016
-0.374632689919402,-0.4145007062125,-0.987291545125739,-0.538969639001123,0.420924250843804,0.72541848398412,-0.26638054121061,-0.699099861512743,-0.100191887180717,-0.511332994071049
-0.303240422352922,0.321646750785367,1.14107815522407,-0.522579764274448,1.26486603503478,0.661913991409579,-1.99519578452071,0.946239876934635,0.518276605444236,1.24403154391147
-1.46790391198621,2.09416514711967,1.89406530643523,-0.416244102410531,-1.09454904126631,-1.6053318537535,1.20677441665968,-0.15085454515501,-0.705710893387286,-0.757554065109058
-0.542182604439284,-0.589496830169951,0.88131717989366,-0.401160212895217,-0.363340133218155,1.46917321101763,-0.769579674090336,-0.163585488257833,-1.13237928238803,0.495965389465006
0.190888155132197,-0.378683684338014,-1.68702625805485,-0.532792369458457,0.30774769351534,0.726869280581492,-0.932652686132439,0.643989241883184,-0.215154022154222,0.264567554759811
0.0563458577432397,-1.76531316160771,0.433904322133739,-0.843118795232572,0.219496751679194,0.228652327950327,-1.83536816413128,1.5880313156299,-0.524846984585131,0.472606907464458
0.0531635615261993,1.31797973213115,-0.382943244354147,1.54014967345861,0.112398187963288,-1.40830699880067,-0.0358606661290662,0.513007655153869,0.122757886007756,0.591120726716435
-0.598063434842008,-0.0495824730064471,0.217917716717671,-1.47343993994493,0.170703903794445,-0.608705832406352,-0.920273641897398,0.501144000038411,-0.934360433180229,1.15368884065936
0.767825813705583,-0.0292337435654544,0.071259503349968,0.0329278258082406,-0.741733424068287,0.937802998548375,-0.260765646054687,-0.418176227998039,0.80217361494279,0.142786309873398
1.51886448274757,-0.866343584331486,0.327513685039445,-1.47359763408949,-0.709914987255551,-1.63346640401527,-2.46284247998661,-0.758409308433755,1.77892842052787,0.269283916149184
-0.0592557386099111,-1.78064707085831,-0.673098095326556,-1.05239959947965,-0.46810562101244,0.286887742931761,0.302365992159899,-0.691008459946453,1.25287785927861,-0.981141763257887
0.364693672729815,1.05311653741809,0.3861239143986,0.466490775442543,0.863994145494309,-0.939704158272557,-0.669201381099164,1.38484090818806,-0.197918844310225,0.265278203280556
0.802199481175316,-0.0618818071645544,1.03561436787885,-1.82958445417259,1.74108701096855,0.568980681111126,-0.725426351290025,0.793775668181258,0.0759159547918763,0.0523787257888563
-0.501979131584074,1.59925741225043,1.86582154873672,0.0439489347456542,-1.4725773171432,0.642594911839854,0.356104689875077,0.223728568902361,0.180711660188468,-0.510870326326033
-1.00843236970466,-1.51469053007217,2.22220242772916,-1.01268267312691,1.25209354264244,-1.04699654048242,0.444229682878517,1.19786028842166,3.32267545055116,1.09600533190501
-0.74216135156364,0.457540964943034,-0.0212273564459334,-0.994683173962474,1.21690552616786,-0.999036216722933,-0.482494185092365,1.84036162634455,0.83078790099695,-0.377783506374365
-0.665873830814644,2.0219880452943,-0.0543291033277817,0.269591755565765,0.847617221335313,0.204439430082062,0.520871986338119,1.27376568076794,-0.722138399287083,1.34434517490237
-0.569303136321382,-0.591180871236807,-0.0378058265771653,1.36134805072794,1.1179642062734,-0.639024175213349,-0.323616387166188,-0.79452804423443,1.26377645294523,0.0263181390564751
-2.53200842147612,-0.241889994560413,-1.72033528802931,0.0488765889752644,-0.667909840369192,-0.150672226257935,-0.15230711242958,-0.12813101387245,0.081928323334218,0.497946456598539
-0.848623521858313,1.08239224120171,0.593244610309129,-0.784900080750868,0.16658884144219,1.3928047396275,1.37388962219884,0.630763700256469,0.128842266890361,-0.340394763852504
0.177620946686354,0.718306841913083,1.18798703597214,-1.60135159220223,1.73919525981342,-0.909230604296732,-0.319138250024432,-0.0456095473295084,-0.908385452244457,0.0595484545607982
-0.249998875819734,1.4300820171731,-1.37661415488777,0.878330943650456,0.309357561392884,-0.289649193731333,-0.0764318506846637,0.337430370516234,1.44264440657175,-0.160751146610871
0.192729860126844,-1.92274051100385,-0.699863996241587,0.204278654286169,0.0706641421080509,0.38909670218417,-0.202625923994669,0.220577458616332,-0.46813719872324,1.61109337041645
1.00035418394857,-0.109689692555512,0.267313806668075,-1.53294762397499,-0.376870757541856,-0.99612789119233,-0.019353002209728,0.370928689939442,-0.722469152683436,-1.79506174118979
1.41318458024388,0.663013081409829,0.362143901703752,0.577515244379938,-1.88227537206056,0.435797259089723,-1.3053989074573,1.08869145851649,0.901148050604801,-0.94599477580203
-0.679923398021336,2.15272946425158,-0.0639800319783497,0.470066033290979,-0.12854543411586,-0.00901349531462076,-0.0394120242344418,0.463094660555057,-0.290512466497581,0.198322272118406
-0.612154875640003,0.519611086559256,0.00395762478408285,0.2527244817771,-0.602408655243335,0.666237034416097,1.77694383161556,-0.958010705205753,1.42636442497617,0.969925002858772
-0.071723011904062,0.206942762805011,0.842938220526045,0.0347619607438171,-0.70370830257723,-1.54376517181727,0.020276219824766,0.203816865148713,-1.11302667361845,0.233148539443956
0.415348641779791,-1.34270970597076,1.51595367612855,0.0988865935352852,0.509781134549121,0.14697501719561,-1.89231927685561,0.519203716586294,-0.444439632110982,-0.0420194690326571
-1.43722397978716,0.672486629438924,-0.442226500209262,-0.559124956295161,-1.0478815691767,0.345363950989874,-0.408337614779679,0.258387607776546,0.843228569013891,0.353572781580921
-1.20833036716503,-0.841817685724428,0.158557594571332,1.77269348566274,-0.0499507942704152,1.35271650180102,1.83854772357671,0.834858093307692,-0.244603146887066,0.316383839385035
-1.29585868731557,-1.38094124798133,-0.286626208689891,0.265567122998429,-0.256751618648331,-0.356887997203778,-0.315986293681501,-1.86600217941121,-0.491563827003873,0.995082916861491
-0.613873256230191,0.647782646174414,-0.76778770394776,0.728721289696291,1.03581236420739,0.318459301327327,-0.307332896787344,0.0419680460370226,-0.320577553761457,-1.02423295713118
-0.255599794399932,-1.62392285757779,-0.283565483627638,-2.0177812178994,-1.16789682964093,1.39382578221653,1.15129029371577,0.677642625975886,0.826113924905582,-0.0845124456153341
0.361635786864945,-0.370187415892759,1.20393590726119,0.438877058974653,-0.559160902022236,-0.457061811107711,0.586247350881079,0.58844900449149,0.988113966672757,-0.183165989520789
-1.20251418503163,0.532018664192142,-0.0949753925039655,1.44518729058273,-0.66654080277506,-0.81415779982496,-0.581807327317283,-0.146661592388497,0.568963335310325,-1.2497843043974
1.82552478964242,-2.06444459132733,-0.414967729750183,0.903072865527955,0.633677633706532,-0.452794185204858,-1.90069609911049,0.250104946644121,0.761641536378521,0.585653579392925
0.626828687439349,-0.222362774689507,0.251814103693119,0.31406562522592,-1.24202189748844,-1.02298298431465,-0.957468203663893,-0.368596548534787,0.778879830588605,0.804014077008461
0.681623409018701,-2.30463639526726,0.762039022951338,-1.27180185499529,0.509073682532186,0.857573561220335,-0.34702105732384,-0.724659071506926,0.361798490596875,-0.373150185890909
-0.458604914415902,-1.16304534687589,-1.1732317816301,0.186135492990467,2.35594039840369,0.414399350753298,1.11127290820491,0.665703933722959,0.20652700261033,-0.330900138816882
-0.890097009980059,2.09181794516369,-2.95343343499048,0.333784778685097,-1.71750687248399,0.131372057668048,-0.5992758869269,-1.07613894740658,0.372572750008379,0.596732445373202
1.1673567655311,-0.887509311469275,-0.0949688830253497,0.176491741237161,-1.62455716393528,0.374238318515609,1.84369186672253,0.221971055211139,0.339248054062369,-0.343965472671582
0.778621987367396,-0.01703910068275,0.469230277684488,-0.230191473304084,0.163405614058193,-1.04017579417448,0.727734744404484,0.692719368813249,0.860483034416025,1.13997551887892
-0.402341211406289,-0.616647643263703,0.64034088680608,1.8475766757367,-0.982538021583157,0.0151788249536632,-0.224298536864027,0.239666275578555,0.907967156145484,0.431779243149253
1.04244753088144,0.847308568180475,-0.174292418155731,0.0563924835195756,-0.961885733652045,0.28393961461626,-0.233695249634207,0.697489190018502,-0.893023023524365,-0.921770475407494
0.50264917351996,0.211552301606495,0.623094547063791,-1.52460303665928,-0.596128232486257,0.620862006748217,-0.0880999239053616,-0.351502523891063,0.711401885274243,0.476505302122753
0.354576657254035,0.930760442526608,1.16963138251345,0.834475318874657,1.44283027883899,-1.87723364715895,1.53917573091606,0.528248410807655,0.0779868784565874,-2.44441613269089
0.414540909610271,-0.105560431827935,-0.621496247858044,0.554092513445696,-0.252153490302672,-1.6568621586351,-1.5145706168392,0.0863026860142999,-1.75138174538477,-0.258010843978319
1.7414379953161,0.925690331930906,2.10482032488798,1.20556098617807,0.799998514875959,0.898689188017776,-0.393880386097798,-0.422705384990792,2.14199422360289,-1.43123197234304
1.69289334329212,-1.40366542935753,-0.080750538088112,-1.03723054973239,-1.46355067408264,-0.916063293407017,-0.155509125462133,0.1248070713987,0.126059263736496,-0.328788869095755
-0.723650456968991,0.0187099583891634,-0.36690795843782,-1.04771622574948,1.40999609165679,0.735278234327643,1.8968491639067,2.17375608527766,0.0597083269962655,-1.16943349195703
-1.75358868353273,0.979334221225046,-0.703650617469589,-0.846926658581002,0.521863761249044,0.77931590361572,0.181815700800187,-0.560898670320213,-0.389106614595604,1.01920689479307
-0.917499588011492,0.146257712149748,0.552802911704289,-0.344845700457862,-1.77521289555818,0.768435839978635,0.615880300215719,0.684862031757025,-1.22498588597969,0.902150990363379
-1.32741441357621,-0.0804884308916922,0.399606620019578,1.30570602716202,0.640210694012604,-0.382952307543193,0.532405112443586,0.049196721605264,-0.709388247986148,-0.239994811128509
-0.138332694678629,-1.0995637672769,0.727211955768374,-0.0769700511500186,1.30004758834932,-0.161382939140405,-0.510609065907125,0.381345190759811,-0.538809689318514,-2.07992804242372
0.0194002506712725,0.389025550882895,0.778568636507513,0.532463746302626,1.61514285330283,-0.306793458490452,0.855668884424072,-0.334229203636791,-0.450764229765662,0.0538715787116144
0.605875657989214,0.540873643693686,1.02695161324163,0.443186254035864,0.357213044990765,-0.440270890210113,-0.586547494268221,-0.708580505610638,1.75145403799464,0.671569953708506
1.54083376449318,0.483323458908136,-1.70931665925428,-2.09645832845945,-0.343072533765242,1.17319187005684,-0.356212753016419,0.773498102638572,2.14388229274512,-1.12844178910474
-1.0200713873993,-0.915997604313497,-0.191606583399789,-0.60632901445608,-0.118578133700726,0.204416276963644,-0.274237514525459,0.263186363065705,0.239803928966826,-0.350201585399209
1.89247417611396,-0.37712053370879,0.469760616791387,0.0776035272204206,1.12070931621221,1.54910689249139,0.123317571469478,-1.5471218447215,-0.865470130752689,0.338346810743365
-0.487617272555772,-0.0648611536361954,0.775287904453217,-0.904667495180085,-0.158798725521597,0.949583329484811,0.418579715782712,-0.428183289084326,1.41425454675459,-0.458399928364552
-0.0610682887842908,-1.00562094535332,0.0819428397603111,0.0265871889104309,-0.052330460560083,-0.0629099804650251,0.877756841417372,1.05011268125107,0.417922850458652,0.600197712423008
-0.966346495114222,-0.697780260401762,0.307102405113129,0.435662881548357,-1.15317376851118,0.621403015282796,-0.0116089017538586,1.21280497732695,0.043836299776003,0.0257825531611804
-0.857655082039848,-2.08188780988363,0.906813563091713,0.47857875271186,-0.657419235456242,-0.895143782179415,0.954788965073096,-0.255881443824245,1.38005903758359,-0.286581428034006
-1.91201413357048,-0.00316276809415997,0.0840400322621793,0.151156471329422,0.783115029526638,0.14465717725937,-0.345521813474208,-0.543908099541728,-1.28995334746019,0.716957369035732
-0.849427084084944,-0.180472372975721,0.195637719252152,1.20880101131383,-1.6890283438049,0.429304275793497,-1.53627742693398,0.482084109476029,0.914170631103613,-0.516463407497584
-0.620254621983827,-0.272036714388384,-0.196281660011951,-1.11383311317398,-0.524309230219993,0.826513246239856,-0.757013750887948,0.604654140474828,0.895934482779462,-0.22231095025644
-0.00689929804483989,-0.751947367338455,-0.500363909898121,1.09529328408622,0.665809114553504,-0.902286680045813,0.500754841999875,-1.43770341543656,-1.91827733172023,-0.101421655283066
-0.265022468741423,-0.00585241718988307,0.755561062144956,-1.05941703112062,1.17461130527738,-0.835177887024366,-0.835333455681597,0.266780513677715,0.0711516087754139,-1.34109085603728
-0.803007184103978,0.525886890045899,-0.172020705272714,0.334601871818719,-0.289337339618123,0.548959411905356,0.607120510763389,-0.656044153561651,2.53192332952768,-0.0497494433066581
2.50246930575754,0.62615346954326,-1.49605273187168,-0.14643143122252,-0.397068949460772,0.885096755850755,-0.249387388111961,0.079893264094707,-1.79412230641974,0.27857406131321
-0.750094040414079,0.978795689258654,-0.532922067632455,-0.522517291123787,0.470795745632645,1.53533380136875,0.249940372231967,-0.670132460456653,-0.610725638815232,0.743390124636358
